{
  "background-color": "#282936",
  "badge-color": "#FFFFFF",
  "bold-color": "#FFFFFF",
  "comment": "",
  "cursor-background-color": "#000000",
  "cursor-foreground-color": "#FFFFFF",
  "foreground-color": "#F8F8F2",
  "highlight-background-color": "#000000",
  "highlight-foreground-color": "#FFFFFF",
  "name": "Dracula",
  "palette": [
    "#000000",
    "#FF5454",
    "#50FA7B",
    "#F1FA8C",
    "#BD93F9",
    "#FF79C6",
    "#8BE8FD",
    "#BFBFBF",
    "#4D4D4D",
    "#FF6E67",
    "#5AF78D",
    "#F4F99D",
    "#CAA8FA",
    "#FF92D0",
    "#9AEDFE",
    "#E6E6E6"
  ],
  "use-badge-color": false,
  "use-bold-color": false,
  "use-cursor-color": false,
  "use-highlight-color": false,
  "use-theme-colors": false
}
